﻿<?xml version="1.0" encoding="utf-8"?>
<playlist autoplay="false" random="false">

  <mainvideo url="http://www.hdflvplayer.net/videos/300.mp4" 
             hdpath="http://www.hdflvplayer.net/videos/300.mp4"
             id="100"
             thu_image=""                                                                                
             Preview="" 
             preroll="true" 
             midroll="true" 
             postroll="true" 
             allow_download="true"
             streamer=""
             isLive="false" > 
             <title><![CDATA[Welcome]]></title> 
             <!--Optional--> 
             <tagline targeturl="https://mydomain.com"><![CDATA[<span class='heading'>Tagline - </span> <b>Your short description  goes here for Videos.</b> ]]></tagline>        
  </mainvideo>




</playlist>
